{
    "Format":
    {
        "Type": "QsfTerrain",
        "Version": "1"
    },
    "Properties":
    {
        "GlobalMapAssetId": "10103",
        "EntityId": "12590238857735784605",
        "ColorMap": "44202",
        "NormalMap": "44203",
        "SourceBlendMap": "44199",
        "SourceColorMap": "44200",
        "SourceHeightMap": "44201",
        "TerrainChunksPerEdge": "16",
        "OgreTerrainChunks":
        {
            "0,0": "44204",
            "0,1": "44205",
            "0,2": "44206",
            "0,3": "44207",
            "0,4": "44208",
            "0,5": "44209",
            "0,6": "44210",
            "0,7": "44211",
            "0,8": "44212",
            "0,9": "44213",
            "0,10": "44214",
            "0,11": "44215",
            "0,12": "44216",
            "0,13": "44217",
            "0,14": "44218",
            "0,15": "44219",
            "1,0": "44220",
            "1,1": "44221",
            "1,2": "44222",
            "1,3": "44223",
            "1,4": "44224",
            "1,5": "44225",
            "1,6": "44226",
            "1,7": "44227",
            "1,8": "44228",
            "1,9": "44229",
            "1,10": "44230",
            "1,11": "44231",
            "1,12": "44232",
            "1,13": "44233",
            "1,14": "44234",
            "1,15": "44235",
            "2,0": "44236",
            "2,1": "44237",
            "2,2": "44238",
            "2,3": "44239",
            "2,4": "44240",
            "2,5": "44241",
            "2,6": "44242",
            "2,7": "44243",
            "2,8": "44244",
            "2,9": "44245",
            "2,10": "44246",
            "2,11": "44247",
            "2,12": "44248",
            "2,13": "44249",
            "2,14": "44250",
            "2,15": "44251",
            "3,0": "44252",
            "3,1": "44253",
            "3,2": "44254",
            "3,3": "44255",
            "3,4": "44256",
            "3,5": "44257",
            "3,6": "44258",
            "3,7": "44259",
            "3,8": "44260",
            "3,9": "44261",
            "3,10": "44262",
            "3,11": "44263",
            "3,12": "44264",
            "3,13": "44265",
            "3,14": "44266",
            "3,15": "44267",
            "4,0": "44268",
            "4,1": "44269",
            "4,2": "44270",
            "4,3": "44271",
            "4,4": "44272",
            "4,5": "44273",
            "4,6": "44274",
            "4,7": "44275",
            "4,8": "44276",
            "4,9": "44277",
            "4,10": "44278",
            "4,11": "44279",
            "4,12": "44280",
            "4,13": "44281",
            "4,14": "44282",
            "4,15": "44283",
            "5,0": "44284",
            "5,1": "44285",
            "5,2": "44286",
            "5,3": "44287",
            "5,4": "44288",
            "5,5": "44289",
            "5,6": "44290",
            "5,7": "44291",
            "5,8": "44292",
            "5,9": "44293",
            "5,10": "44294",
            "5,11": "44295",
            "5,12": "44296",
            "5,13": "44297",
            "5,14": "44298",
            "5,15": "44299",
            "6,0": "44300",
            "6,1": "44301",
            "6,2": "44302",
            "6,3": "44303",
            "6,4": "44304",
            "6,5": "44305",
            "6,6": "44306",
            "6,7": "44307",
            "6,8": "44308",
            "6,9": "44309",
            "6,10": "44310",
            "6,11": "44311",
            "6,12": "44312",
            "6,13": "44313",
            "6,14": "44314",
            "6,15": "44315",
            "7,0": "44316",
            "7,1": "44317",
            "7,2": "44318",
            "7,3": "44319",
            "7,4": "44320",
            "7,5": "44321",
            "7,6": "44322",
            "7,7": "44323",
            "7,8": "44324",
            "7,9": "44325",
            "7,10": "44326",
            "7,11": "44327",
            "7,12": "44328",
            "7,13": "44329",
            "7,14": "44330",
            "7,15": "44331",
            "8,0": "44332",
            "8,1": "44333",
            "8,2": "44334",
            "8,3": "44335",
            "8,4": "44336",
            "8,5": "44337",
            "8,6": "44338",
            "8,7": "44339",
            "8,8": "44340",
            "8,9": "44341",
            "8,10": "44342",
            "8,11": "44343",
            "8,12": "44344",
            "8,13": "44345",
            "8,14": "44346",
            "8,15": "44347",
            "9,0": "44350",
            "9,1": "44351",
            "9,2": "44352",
            "9,3": "44353",
            "9,4": "44354",
            "9,5": "44355",
            "9,6": "44356",
            "9,7": "44357",
            "9,8": "44358",
            "9,9": "44359",
            "9,10": "44360",
            "9,11": "44361",
            "9,12": "44362",
            "9,13": "44363",
            "9,14": "44364",
            "9,15": "44365",
            "10,0": "44366",
            "10,1": "44367",
            "10,2": "44368",
            "10,3": "44369",
            "10,4": "44370",
            "10,5": "44371",
            "10,6": "44372",
            "10,7": "44373",
            "10,8": "44374",
            "10,9": "44375",
            "10,10": "44376",
            "10,11": "44377",
            "10,12": "44378",
            "10,13": "44379",
            "10,14": "44380",
            "10,15": "44381",
            "11,0": "44382",
            "11,1": "44383",
            "11,2": "44384",
            "11,3": "44385",
            "11,4": "44386",
            "11,5": "44387",
            "11,6": "44388",
            "11,7": "44389",
            "11,8": "44390",
            "11,9": "44391",
            "11,10": "44392",
            "11,11": "44393",
            "11,12": "44394",
            "11,13": "44395",
            "11,14": "44396",
            "11,15": "44397",
            "12,0": "44398",
            "12,1": "44399",
            "12,2": "44400",
            "12,3": "44401",
            "12,4": "44402",
            "12,5": "44403",
            "12,6": "44404",
            "12,7": "44405",
            "12,8": "44406",
            "12,9": "44407",
            "12,10": "44408",
            "12,11": "44409",
            "12,12": "44410",
            "12,13": "44411",
            "12,14": "44412",
            "12,15": "44413",
            "13,0": "44414",
            "13,1": "44415",
            "13,2": "44416",
            "13,3": "44417",
            "13,4": "44418",
            "13,5": "44419",
            "13,6": "44420",
            "13,7": "44421",
            "13,8": "44422",
            "13,9": "44423",
            "13,10": "44424",
            "13,11": "44425",
            "13,12": "44426",
            "13,13": "44427",
            "13,14": "44428",
            "13,15": "44429",
            "14,0": "44430",
            "14,1": "44431",
            "14,2": "44432",
            "14,3": "44433",
            "14,4": "44434",
            "14,5": "44435",
            "14,6": "44436",
            "14,7": "44437",
            "14,8": "44438",
            "14,9": "44439",
            "14,10": "44440",
            "14,11": "44441",
            "14,12": "44442",
            "14,13": "44443",
            "14,14": "44444",
            "14,15": "44445",
            "15,0": "44446",
            "15,1": "44447",
            "15,2": "44448",
            "15,3": "44449",
            "15,4": "44450",
            "15,5": "44451",
            "15,6": "44452",
            "15,7": "44453",
            "15,8": "44454",
            "15,9": "44455",
            "15,10": "44456",
            "15,11": "44457",
            "15,12": "44458",
            "15,13": "44459",
            "15,14": "44460",
            "15,15": "44461"
        }
    }
}
