
{
    "Format":
    {
        "Type": "em5_specs",
        "Version": "1"
    },
    "ParameterGroups":
    {
  		"em5::FireSpecsGroup":
  		{
  			"FullburnFactor": "0.7",                   // If the fire reaches x%*100 of the maximum energy value, the object starts its fullburn state (eg. FullburnFactor:0.7, mMaxEnergyValue:100 ->after fire has current energy >69, it starts his fullburn state)
  			"CoolingBonus": "2.0",                     // After cooling, fire component can reach a combustion value of maximal = mCoolingBonus * firematerial->getCombustionValue()
  			"ExtinguishPower_Extinguisher": "10",      // The extinguish power of an firemen with extinguisher equipment
  			"ExtinguishPower_Hose": "15",              // The extinguish power of an firemen with hose equipment
  			"ExtinguishPower_TLF": "20",               // The extinguish power of fire department TLF vehicle
			"ExtinguishPower_Fireboat": "45",          // The extinguish power of fire department fireboat vehicle
			"ExtinguishPower_CommandoCar": "310",       // The extinguish power for the area extinguish effect of the fire department commando car vehicle
			"CoolingPower_Extinguisher": "1000",       // The cooling power of an fireman with extinguisher equipment
			"CoolingPower_Hose": "10000",        	   // The cooling power of an fireman with hose equipment
			"CoolingPower_TLF": "20000",        	   // The cooling power of fire department TLF vehicle
			"CoolingPower_Fireboat": "25000",          // The cooling power of fire department fireboat vehicle			
			"CoolingPower_CommandoCar": "25000",       // The cooling power for the area extinguish effect of the fire department commando car vehicle
			"ExtinguishRange_Extinguisher": "2",       // The range of the extinguish with extinguisher action
			"ExtinguishRange_Hose_Min": "5",           // The minimum range of the extingiush with hose action
			"ExtinguishRange_Hose_Max": "14",          // The maximum range of the extingiush with hose action
			"ExtinguishRange_TLF": "20",               // The maximum range of the extingiush with TLF vehicle action
			"ExtinguishRange_Fireboat_Min": "10",      // The minimum range of the extingiush with fireboat vehicle action
			"ExtinguishRange_Fireboat_Max": "25",      // The maximum range of the extingiush with fireboat vehicle action
			"ExtinguishRadius_CommandoCar": "13",       // The radius of the area exinguish effect skill of the commando car
			"ExtinguishDuration_CommandoCar" : "3.0",		// The time in seconds the area extinguish skill of the commando car is taken
			"ExtinguishCooldown_CommandoCar" : "120.0",		// The time in seconds the area extinguish skill of the commando car needs to recharge
			"ExtinguishRange_Hydrant": "20",			// The radius in meter Firefighter can extingiush targets from the hydrant
			"CommandoCar_ExtinguishOffsetPosition" : "3",	// The offset in meter, the area extingiush effect spawns multiple particle after x meter
			"CommandoCar_ExtinguishOffsetTime" : "0.5",		// The offset in seconds, the area extingiush effect spawns multiple particle after x seconds
			"CommandoCar_StartDelay": "2.2",				// The delay in seconds, the area extingiush effect spawns the first effect
			"RemoveSuitTime": "60.0",      				// Time until ABC suit is removed again in safe areas
			"RemoveMaskTime": "60.0",      				// Time until ABC mask is removed again in safe areas
			"UseDynamicHydrants": "true",			   // Enables Firefighters to connect hoses to the RW (was deactivated because a certain "someone" in charge thought the community would think this was stupid. Made sure you modders could turn this on again.....set to "true" to make extinguishing fires a lot more fun...)
			"ExtinguishRange_Hydrant": "25"            // The range an object can be inside of an hydrant
  		}, 
  		"em5::LogicSpecsGroup":
  		{
  			"ParamedicSearchRadius": "40.0",           // Paramedic search radius in meter (for automatic transport of victims)
  			"ParamedicMinimumWaitingTime": "10.0",     // Paramedic waiting time in seconds (for automatic transport of victims)
  			"DoctorSearchRadius": "20.0",              // Doctor search radius in meter (for automatic treatment of victims)
  			"DoctorMinimumWaitingTime": "10.0",        // Doctor waiting time in seconds (for automatic treatment of victims)
            "FiremanSearchRadius": "20",               // Fireman search radius in meter (for automatic extinguishing)
            "FiremanMinimumWaitingTime": "10",          // Fireman waiting time in second (for automatic extinguishing)
  			"TowcarSearchRadius": "15.0",              // Towcar search radius in meter (for automatic treatment of wrecks)
  			"TowcarMinimumWaitingTime": "10.0",        // Towcar waiting time in seconds (for automatic treatment of wrecks)
			"DlkSearchRadius" : "20",                  // Dlk search radius in meter (for automatic extinguishing and rescue persons from building)
			"TlfSearchRadius" : "20",                  // Tlf search radius in meter (for automatic extinguishing)
			"FireboatSearchRadius" : "20",             // Fireboat search radius in meter (for automatic extinguishing)
			"RescueDogNumberFailMoves": "3",           // The number of points the rescue dog moves in case no target is in range
			"CutTreeTime": "10.0", 					   // Chainsaw running time
			"PolicemanMinimumWaitingTime": "20.0",       // Policeman waiting time in seconds (for automatic transport of victims)
			"PoliceSearchVehicleRadius": "20.0",		// Radius which policeman search for a vehicle to put an arrested in
			"PoliceMegaphoneRadius": "10.0", 			// Radius of influence when enabling the megaphone
			"PoliceMegaphonePlaceDistMin": "1.0", 		// Minimal distance how close followers get to the unit.
			"PoliceMegaphonePlaceDistMax": "3.0", 		// Maximal distance followers keep to the unit.
			"PoliceMegaphoneMaxAffected": "10",			// Maximal amount of followers a unit can have
			"PoliceMegaphoneTalkPause": "20.0", 		// Amount of time to wait before repeating the megaphone talk
			"PoliceBarrierMinLength": "1.0",			// Minimal length of a barrier tape, please don't reduce below 1
			"PoliceBarrierMaxLength": "15.0",			// Maximal length of a barrier tape
			"PoliceBarrierStopRadius": "5.0", 			// Stop persons coming closer than that to the barrier
			"PoliceBarrierStopMove": "3.0",				// Distance a police unit walks maximal to stop an approaching person
			"PoliceBarrierTransparency": "0.75",		// Transparency for poles and tape before it's placed, 1 full transparent (invisible), 0 = opaque (solid)
			"SEKPistolShootRange": "20.0",         	   // Maximal range to shoot with a pistol for an SEK expert (in meters)
			"SEKGiveUpVehiclePursuit": "100.0",        // SEK export stops following cars which are beyond that range (in meters).
			"SEKPistolHealthDamage": "0.4",            // Amount of injury to persons per shot (0=none, 1=the full bang)
			"SEKPistolVehicleDamage": "0.25",          // Amount of damage to vehicles per shot (0=none, 1=dead vehicle)
			"SEKStandRangeMin": "3.0",         		   // When shooting while running stop moving when getting closer than this to the target (or we run the guy over which looks bad)
			"SEKStandRangeMax": "6.0",         		   // When we stopped moving because of SEKStandRangeMin start running again if opponent tries to outrun unit again)
			"SEKRifleShootRange": "30.0",          	   // Maximal range to shoot with a rifle for an SEK expert (in meters)
			"SEKRifleHealthDamage": "1.0",         	   // Amount of injury to persons per shot (0=none, 1=the full bang)
			"SEKRifleVehicleDamage": "0.5"             // Amount of damage to vehicles per shot (0=none, 1=dead vehicle)
  		},
		"em5::FreeplaySpecsGroup":
		{
			"StartWaitDurationMin": "5.0",				// Minimum time (in seconds) until the first event starts
			"StartWaitDurationMax": "5.0",				// Maximum time (in seconds) until the first event starts
			"WaitDurationMin": "30.0",					// Minimum time (in seconds) until the next event starts
			"WaitDurationMax": "30.0",					// Maximum time (in seconds) until the next event starts
			"MaxEventLimit": "4",						// Minimum of active freeplay events // TODO(mk) this is not part of the design, only debug
			"WorldEventWaitTime": "30m",     			// Wait time until the world event phase is activated (the fair + special freeplay events). This time is also used to find out when the active world event should be disabled again.
			"WorldEventTriggerChance": "0.3",			// Triggerchance to activate the world event phase
			"WorldEventMinDurationTime": "20m",			// Min Duration of the world event phase
			"WorldEventMaxDurationTime": "60m",		// Max Duration of the world event phase
			"GlobalEventTryCount": "1",					// How often should be tried to trigger an event until a next event is selected
			"DensityLimitFreeplay": "50.0",				// The event density limit for the freeplay game mode
			"DensityLimitChallenge": "50.0",			// The event density limit for the challenge game mode
			"DensityLimitMultiplay": "100.0",			// The event density limit for the multiplay game mode
			"DensityLimitCampaign": "50.0",				// The event density limit for the freeplay phase of the campaign game mode
			"ChallengeAbortRatingDifference": "150.0"	// How much can the current event density exceed the event density limit until the challenge game mode is aborted
		},
  		"em5::HealthSpecsGroup":
  		{
            "RegenerationDelta": "10",					// Health regeneration rate per second when in healthy state
            "ReanimationDelta": "5",					// Death fight energy increase rate per second while reanimation in death fight state
            "DeathFightDelta": "4",                     // Death fight energy decrease rate per second when not reanimated
            "ReanimationLife": "5",                     // Initial life energy value after reanimation
  			"FireDamageConvert": "0.3",                 // This factor is multiplied with incoming fire damage to get health energy decrease
            "InjuryAudioTime_Minimum": "10s",
            "InjuryAudioTime_Maximum": "30s",
			"CQCGangsterPoliceAttackerDamage": "0.1",    // Damage a gangster deals to a cop in CQC
			"CQCGangsterPoliceVictimDamage": "0.2",      // Damage a cop deals to a gangster in CQC
			"CQCGangsterGangsterAttackerDamage": "0.05", // Damage a gangster (attacking) deals to a gangster (attacked) in CQC
			"CQCGangsterGangsterVictimDamage": "0.05"    // Damage a gangster (attacked) deals to a gangster (attacking) in CQC
  		},
  		"em5::ActionRangeSpecsGroup":
  		{
  			"CutTreeDistance": "5.1",                  // Cut tree distance in meter
  			"CutHedgeDistance": "5.1",                 // Cut hedge distance in meter
  			"CutCarDistance": "5.1",                   // Cut car distance in meter
  			"CarryPersonDistance": "5.1",              // Carry distance in meter
  			"GuideGangsterDistance": "5.1",            // Guide gangster distance in meter      // TODO(mk) maybe redundant with carryPersonDistance
  			"PlacePersonDistance": "5.1",              // Place person distance in meter
  			"TreatPersonDistance": "5.1",              // Treat person distance in meter
  			"EnterBuildingDistance": "3.1",            // Open building door with axe distance in meter
  			"EnterVehicleDistance": "5.1",             // Enter vehicle distance in meter
  			"PullObjectDistance": "5.1",               // Pull object distance in meter
  			"PullPersonDistance": "5.1",               // Pull person distance in meter
  			"RepairObjectDistance": "5.1",             // Repair object distance in meter
  			"TakeEquipmentDistance": "5.1",            // Take equipment distance in meter
  			"ExtinguishFireDistance": "5.1",           // Extinguish fire distance in meter 
  			"ArrestGangsterDistance": "5.1",           // Arrest Gangster distance in meter
  			"UsePepperSprayDistance": "5.1",           // Use pepper spray distance in meter
  			"GotoHydrantDistance": "5.1",              // Goto Hydrant distance in meter
			"SearchRoadVehicleDistance" : "5000",      // Distance the units search for an vehicle to get equipment
  			"PickPocketDistance": "5.1",               // Pick pocket distance in meter
			"RescueDogSearchDistance": "50",           // Distance the rescue dog search for victims
			"StunGrenadeRadius": "5",				   // Radius to affect targets
			"StunGrenadeThrowDistance": "20.0",		   // Maximal distance to throw a grenade
			"StunGrenadeNoFollowDistance": "100.0",	   // Maximal distance until unit gives up following a vehicle			
			"StunGrenadeStunTime": "15.0",			   // Amount of seconds targets stay stunned
			"GangsterSearchDistance": "30.0"		   // Distance in which gangsters search for targets
  		},
  		"em5::RoadVehicleSpecsGroup":
  		{
            "BrakeLightAccelerationThreshold": "-0.16",
            "BrakeLightDelay": "1.0",                   // Time the brake light is active in seconds
            "SwingAccelerationThreshold": "-1.1",
            "SwingTime": "1.0",
			"BlockDestroyedUnits": "true",				// "true" if units destroyed/injured units, transported back player base, are blocked till the end of the day
			"HelicopterFlyHeight" : "20",
			"HelicopterFlyHeightChangeSpeed": "5",
			"HelicopterStartLandingHeightUpper": "8",
			"HelicopterStartLandingHeightLower": "2",
			"HelicopterStartRaiseTillFlyHeightPercent": "0.75",
			"HelicopterFollowDistance": "20.0",			// Distance the helicopter is following a target
			"HelicopterExitSekHCSpeed": "3.0",			// The speed in m/s the sek specialists rope from helicopter (we add +/- 20% as variation)
			"DecontaminationTime": "5.0"
  		}, 
  		"em5::EscapeSpecsGroup":
  		{
			"EscapeTimeFootLong": "120.0",		// Escape foot long time in seconds
			"EscapeTimeCarLong": "120.0",		// Escape car long time in seconds
			"RunTimeFootLongMin": "30.0",		// Min run time (Escape by foot, long) in seconds
			"RunTimeFootLongMax": "45.0",		// Max run time (Escape by foot, long) in seconds
			"RunTimeFootShortMin": "15.0",		// Min run time (Escape by foot, short) in seconds
			"RunTimeFootShortMax": "20.0",		// Max run time (Escape by foot, short)in seconds
			"BreatheTimeFootLongMin": "15.0",	// Min breathe time (Escape by foot, long) in seconds
			"BreatheTimeFootLongMax": "20.0",	// Max breathe time (Escape by foot, long) in seconds
			"BreatheTimeFootShortMin": "10.0",	// Min breathe time (Escape by foot, short) in seconds
			"BreatheTimeFootShortMax": "15.0",	// Max breathe time (Escape by foot, short)in seconds
			"HelicopterFollowTime": "30.0"		// Helicopter follow time in seconds
  		},
		"em5::AudioSpecsGroup":
  		{
			"MaxMusicVolume": "0.55"			// Maximum music volume
  		}
    }
}