{
    "Format":
    {
        "Type": "prefab",
        "Version": "2",
        "DifferenceToDefault": "true"
    },
    "Prototypes":
    {
        "522485427":
        {
            "qsf::MetadataComponent":
            {
                "Prefab": "1648",
                "Prototype": "206817334",
                "Name": "ambulance_doctor_male"
            },
            "qsf::MovableComponent":
            {
                "GroundSpeedCategory": "squad"
            },
            "qsf::ai::NavigationComponent":
            {
                "MaxSpeed": "2.25"
            },
            "em5::HealthComponent":
            {
                "Resistances": "0.995000064,0,0.100000001"
            },
            "em5::CommandableComponent":
            {
                "CommandArray":
                [
                    "em5::MoveCommand",
                    "em5::EnterVehicleCommand",
                    "em5::TreatPersonCommand",
					"user::CheerCommand"
                ]
            },
            "em5::PersonComponent":
            {
                "Gender": "GENDER_MALE"
            },
            "qsf::GameLogicComponent":
            {
                "GameLogicArray":
                [
                    {
                        "LogicTypeId": "3638156587"
                    }
                ]
            },
            "qsf::compositing::TintableMeshComponent":
            {
                "Mesh": "12345742",
                "LodFactor": "1",
                "TintPalette": "162489",
                "TintPaletteIndex": "1"
            }
        }
    }
}
